Precip_mm,MaxTemp_C
21.6916,-4.8762007167455055
17.54632,-1.6584564861205418
43.19016,4.776344086021935
70.13448,14.014074074354667
93.30944,21.03942652336
106.4768,25.577037037217334
119.49176,27.929032257896775
109.25048,26.59928315411613
93.24848,21.560740740669335
60.81776,14.171326164814193
49.03216,4.448888889002666
22.352,-3.0351254480838707
